date,n1,n2,n3,n4,n5,chance,s1,s2,s3,s4,s5
20/05/2026,28,30,8,48,15,7,1,4,35,37,46
18/05/2026,32,14,36,33,49,3,12,14,25,26,27
16/05/2026,30,1,34,32,12,4,5,9,15,36,39
13/05/2026,46,17,41,35,38,2,8,10,15,20,22
11/05/2026,18,30,39,17,34,9,7,22,35,38,40
09/05/2026,25,21,16,31,26,1,3,11,20,38,46
06/05/2026,7,18,27,35,48,5,6,9,12,17,35
04/05/2026,46,15,4,18,8,2,9,25,33,37,42
02/05/2026,17,29,19,10,41,7,3,8,16,20,42
29/04/2026,30,2,37,3,31,8,3,29,30,33,38
27/04/2026,6,27,43,23,15,4,5,6,22,24,26
25/04/2026,25,9,22,17,49,3,3,5,6,14,23
22/04/2026,37,30,40,38,43,1,4,11,23,38,41
20/04/2026,21,29,33,2,12,6,7,12,19,23,38
18/04/2026,22,25,24,5,23,10,2,17,33,38,48
15/04/2026,44,21,2,48,47,10,14,31,33,37,45
13/04/2026,22,4,10,18,16,4,1,2,20,26,39
11/04/2026,48,7,45,41,39,9,30,34,39,41,45
08/04/2026,23,16,46,13,26,1,11,18,29,34,47
06/04/2026,33,29,19,3,23,3,15,20,24,36,43
04/04/2026,5,6,36,7,21,6,2,8,15,35,36
01/04/2026,43,34,47,23,3,5,7,9,20,28,45
30/03/2026,10,47,8,28,29,5,7,12,20,27,38
28/03/2026,38,30,28,17,45,6,1,6,19,34,41
25/03/2026,48,30,19,28,35,5,17,20,32,35,41
23/03/2026,30,9,42,38,3,4,2,21,33,39,49
21/03/2026,3,45,33,19,24,10,19,20,26,45,49
18/03/2026,13,18,8,48,45,7,5,17,29,30,33
16/03/2026,31,25,42,5,14,4,2,8,26,33,34
14/03/2026,22,23,10,46,25,3,1,2,15,39,48
11/03/2026,14,18,12,16,10,3,3,11,22,27,36
09/03/2026,16,24,5,35,12,4,11,13,20,27,32
07/03/2026,22,21,11,9,10,9,11,31,32,35,45
04/03/2026,14,47,46,16,40,4,7,26,27,34,37
02/03/2026,40,19,37,34,20,6,3,19,28,36,39
28/02/2026,18,40,49,31,24,2,22,24,32,36,48
25/02/2026,8,30,26,22,9,8,7,20,36,45,48
23/02/2026,29,15,20,47,41,4,8,12,15,38,41
21/02/2026,4,44,32,17,14,9,11,22,25,26,39
18/02/2026,25,4,22,36,16,7,12,15,30,33,37
16/02/2026,35,17,21,29,8,3,5,8,11,35,45
14/02/2026,9,14,27,33,17,6,5,10,26,29,41
11/02/2026,36,3,44,47,32,8,1,2,12,28,47
09/02/2026,23,25,42,38,22,3,18,22,30,38,41
07/02/2026,49,9,41,20,2,9,5,7,27,46,47
04/02/2026,1,24,37,12,11,9,12,21,27,36,48
02/02/2026,7,12,11,41,29,5,8,18,21,34,38
31/01/2026,24,14,4,1,21,4,8,20,24,32,46
28/01/2026,42,7,11,30,10,4,14,32,38,42,49
26/01/2026,25,32,28,9,36,4,17,25,30,33,38
24/01/2026,30,39,10,33,18,8,4,27,41,43,46
21/01/2026,40,25,29,27,45,10,9,15,26,27,39
19/01/2026,13,34,16,24,12,4,7,26,33,36,42
17/01/2026,42,34,26,12,49,6,30,34,35,47,48
14/01/2026,23,28,5,4,31,5,22,24,28,34,39
12/01/2026,2,39,32,24,13,6,5,12,13,35,49
10/01/2026,16,1,36,7,35,3,9,16,17,19,42
07/01/2026,5,36,35,17,30,3,24,25,33,38,49
05/01/2026,30,13,23,31,5,6,22,43,46,47,48
03/01/2026,29,30,31,9,40,2,3,6,16,19,33
31/12/2025,43,6,19,39,15,1,9,23,34,35,40
29/12/2025,21,10,47,43,33,3,3,16,33,39,44
27/12/2025,17,16,41,42,49,10,6,12,20,37,39
24/12/2025,5,42,45,9,33,1,11,17,22,26,40
22/12/2025,40,20,49,16,41,9,1,12,34,45,48
20/12/2025,28,16,42,47,37,2,11,14,18,41,42
17/12/2025,2,14,49,20,30,2,2,4,27,34,47
15/12/2025,38,43,32,26,42,6,13,18,23,27,28
13/12/2025,25,15,7,10,22,7,11,12,22,25,40
10/12/2025,34,44,33,35,39,10,25,29,37,38,40
08/12/2025,9,41,8,11,17,1,5,13,14,37,48
06/12/2025,14,2,24,34,33,1,4,7,10,25,30
03/12/2025,28,13,10,36,18,8,3,8,9,16,26
01/12/2025,38,46,11,13,14,1,19,26,32,41,49
29/11/2025,8,13,20,27,23,3,9,11,17,24,33
26/11/2025,14,16,26,9,33,5,4,13,16,25,31
24/11/2025,47,29,36,28,22,1,6,18,33,36,43
22/11/2025,7,10,45,34,40,6,5,12,14,42,44
19/11/2025,46,26,33,45,24,2,13,33,35,41,47
17/11/2025,26,45,28,17,7,6,5,17,22,24,39
15/11/2025,11,5,23,22,24,3,3,13,27,41,43
12/11/2025,8,29,33,37,3,2,4,16,21,32,44
10/11/2025,8,37,9,16,45,2,10,24,28,32,34
08/11/2025,16,32,48,36,27,8,18,23,24,36,41
05/11/2025,45,29,31,23,19,4,4,5,8,36,45
03/11/2025,32,3,49,29,2,2,5,6,16,18,23
01/11/2025,3,33,17,24,26,6,12,14,27,29,41
29/10/2025,7,6,45,34,35,8,6,13,25,29,36
27/10/2025,48,47,23,45,10,8,7,28,38,44,45
25/10/2025,6,16,4,5,35,1,1,16,23,26,39
22/10/2025,49,29,31,4,39,1,1,3,15,23,39
20/10/2025,38,24,12,43,34,1,3,5,7,21,48
18/10/2025,17,49,47,11,19,1,1,6,29,30,32
15/10/2025,17,1,22,9,48,5,6,11,21,38,49
13/10/2025,2,11,36,45,49,7,13,15,19,30,42
11/10/2025,5,3,40,32,12,4,28,33,35,48,49
08/10/2025,5,47,39,10,25,7,1,7,22,34,38
06/10/2025,22,10,30,1,26,9,11,16,19,27,46
04/10/2025,6,45,31,29,4,8,5,25,26,35,48
01/10/2025,10,5,41,35,44,7,5,12,27,29,39
29/09/2025,27,32,44,5,17,4,1,12,17,20,36
27/09/2025,45,46,3,19,11,4,11,25,30,31,38
24/09/2025,3,32,21,23,31,4,9,20,25,29,45
22/09/2025,10,41,5,29,47,4,15,23,29,40,42
20/09/2025,36,18,10,39,47,7,1,15,19,29,30
17/09/2025,2,25,47,32,37,3,1,26,28,36,40
15/09/2025,30,2,10,32,17,5,7,10,14,39,43
13/09/2025,29,31,6,41,28,10,10,16,42,44,46
10/09/2025,18,49,14,24,17,7,5,9,18,24,35
08/09/2025,30,42,21,10,22,8,3,7,24,31,49
06/09/2025,26,21,18,17,4,1,4,7,13,33,46
03/09/2025,31,30,24,2,36,5,4,24,25,28,39
01/09/2025,44,38,33,25,4,4,1,9,39,44,46
30/08/2025,23,15,34,39,4,10,2,23,24,36,39
27/08/2025,7,12,31,20,40,6,14,20,25,38,49
25/08/2025,32,22,42,21,14,2,8,18,27,47,49
23/08/2025,49,23,15,20,30,9,4,10,26,33,45
20/08/2025,2,27,36,40,1,7,1,12,14,19,43
18/08/2025,8,27,21,2,26,6,14,22,36,43,46
16/08/2025,31,5,18,45,4,7,4,10,25,40,47
13/08/2025,47,9,31,36,42,1,27,38,41,42,45
11/08/2025,40,30,44,1,10,2,27,32,33,35,40
09/08/2025,19,6,38,21,15,8,12,15,24,30,43
06/08/2025,5,23,18,19,49,8,6,26,27,34,42
04/08/2025,6,43,10,31,34,5,2,8,16,27,37
02/08/2025,14,22,15,31,48,2,5,42,43,44,47
30/07/2025,13,20,3,41,37,3,17,18,24,35,43
28/07/2025,25,6,22,27,30,5,2,14,17,29,34
26/07/2025,1,19,44,32,9,3,14,15,42,44,48
23/07/2025,18,30,5,43,29,2,2,6,27,41,49
21/07/2025,5,9,26,16,33,8,3,5,24,28,44
19/07/2025,25,18,19,45,24,1,13,16,41,45,46
16/07/2025,3,34,45,41,36,4,4,27,35,42,43
14/07/2025,37,28,27,6,20,3,12,13,15,19,36
12/07/2025,39,49,36,48,13,7,8,13,20,38,49
09/07/2025,36,1,45,22,25,4,6,7,20,37,49
07/07/2025,18,41,27,26,3,6,25,26,31,35,42
05/07/2025,32,46,37,25,42,10,18,21,25,29,48
02/07/2025,25,19,29,38,30,10,21,23,32,37,49
30/06/2025,17,12,8,10,18,4,6,14,15,27,47
28/06/2025,4,2,20,3,28,6,1,5,22,40,48
25/06/2025,32,26,2,5,44,10,8,9,27,28,42
23/06/2025,20,42,38,44,25,10,4,10,24,34,37
21/06/2025,34,25,49,18,20,2,13,16,19,23,40
18/06/2025,9,36,13,24,19,3,6,9,18,33,41
16/06/2025,1,2,13,39,4,1,5,22,31,36,43
14/06/2025,25,21,31,44,16,8,2,9,22,28,30
11/06/2025,9,19,7,18,15,6,8,9,12,28,48
09/06/2025,25,38,5,34,12,10,3,15,21,38,46
07/06/2025,7,30,40,37,45,1,2,13,15,26,33
04/06/2025,2,45,41,18,38,8,4,12,13,15,39
02/06/2025,25,36,29,8,13,2,21,24,27,34,47
31/05/2025,4,11,27,37,39,3,6,10,25,26,32
28/05/2025,26,32,25,38,4,4,6,10,11,16,48
26/05/2025,41,24,36,33,45,7,10,11,13,36,37
24/05/2025,49,39,45,14,32,9,3,12,32,41,45
21/05/2025,11,49,10,18,7,3,3,16,29,31,43
19/05/2025,8,30,43,42,33,4,5,26,28,40,41
17/05/2025,18,13,9,12,14,3,4,7,9,13,38
14/05/2025,34,42,31,12,43,10,20,30,32,42,46
12/05/2025,12,24,6,16,2,4,4,11,12,15,28
10/05/2025,49,12,42,29,13,9,23,27,37,40,49
07/05/2025,32,36,1,41,46,9,4,24,25,33,46
05/05/2025,8,34,38,47,9,3,2,43,44,47,49
03/05/2025,38,39,37,19,42,5,2,4,6,10,17
30/04/2025,8,31,42,3,5,8,22,29,31,43,45
28/04/2025,6,3,14,35,36,2,15,17,18,28,46
26/04/2025,39,15,23,45,3,9,9,15,19,27,33
23/04/2025,5,3,35,20,15,8,10,14,36,40,43
21/04/2025,5,13,30,48,8,5,8,9,36,45,46
19/04/2025,19,11,32,16,20,6,4,8,11,21,30
16/04/2025,13,38,27,40,39,10,23,25,30,39,40
14/04/2025,33,40,25,31,37,9,1,3,12,15,46
12/04/2025,3,18,10,13,47,1,16,19,23,44,48
09/04/2025,36,16,12,47,46,9,1,2,6,13,20
07/04/2025,21,34,13,38,2,1,7,24,33,38,40
05/04/2025,14,30,22,8,27,7,14,21,29,38,49
02/04/2025,45,5,34,15,4,9,13,18,21,41,42
31/03/2025,3,4,28,16,38,4,7,20,23,36,43
29/03/2025,14,31,41,7,12,5,2,7,12,20,33
26/03/2025,4,41,21,19,11,7,8,9,12,26,32
24/03/2025,35,29,47,46,21,1,3,13,18,33,34
22/03/2025,3,49,36,20,23,6,9,12,28,31,47
19/03/2025,15,14,3,45,12,3,1,13,20,23,44
17/03/2025,16,32,26,9,20,7,1,15,24,43,47
15/03/2025,27,6,31,21,40,7,4,7,16,30,47
12/03/2025,21,10,24,32,16,7,10,13,19,20,26
10/03/2025,23,24,13,15,39,1,6,9,21,34,47
08/03/2025,18,2,10,3,11,2,27,28,31,32,43
05/03/2025,47,28,7,26,30,4,6,15,33,36,38
03/03/2025,41,13,28,6,4,1,9,17,20,26,28
01/03/2025,14,28,33,9,8,4,2,17,26,40,41
26/02/2025,44,11,3,15,17,9,5,11,32,34,35
24/02/2025,32,5,13,38,46,5,4,7,8,17,32
22/02/2025,28,30,23,39,25,7,16,18,40,44,47
19/02/2025,42,23,16,32,28,5,15,28,41,45,47
17/02/2025,40,3,14,20,34,6,11,12,14,18,25
15/02/2025,48,42,13,49,6,3,2,5,9,44,47
12/02/2025,1,37,41,30,23,5,7,12,13,27,46
10/02/2025,39,44,12,29,2,6,3,17,18,28,39
08/02/2025,49,26,11,43,42,8,4,24,27,28,40
05/02/2025,14,8,24,28,5,9,4,13,16,28,36
03/02/2025,29,48,32,27,44,8,1,13,18,26,46
01/02/2025,34,46,11,30,36,5,3,10,11,34,42
29/01/2025,29,41,17,27,19,2,25,31,38,42,43
27/01/2025,24,39,48,3,10,3,1,8,11,38,49
25/01/2025,45,35,44,5,19,8,21,29,31,33,36
22/01/2025,29,36,23,44,38,9,2,10,27,32,39
20/01/2025,19,28,36,40,6,2,14,19,33,39,44
18/01/2025,11,1,4,33,44,7,17,26,33,36,46
15/01/2025,1,22,40,27,28,2,4,10,25,28,35
13/01/2025,31,3,24,41,7,2,6,21,37,47,49
11/01/2025,42,20,6,29,41,9,6,19,39,41,49
08/01/2025,14,34,38,24,26,8,1,4,24,33,48
06/01/2025,3,31,8,16,42,7,12,13,17,23,34
04/01/2025,17,20,9,19,29,2,7,16,17,33,46
01/01/2025,8,11,2,25,21,4,5,30,39,45,47
30/12/2024,13,31,29,1,21,10,3,7,34,37,39
28/12/2024,31,7,37,39,13,6,8,15,20,23,27
25/12/2024,46,6,22,44,13,8,10,13,25,32,34
23/12/2024,22,17,38,2,13,7,8,10,15,24,35
21/12/2024,41,16,6,28,36,8,6,16,17,42,47
18/12/2024,8,27,26,46,14,2,9,26,31,33,40
16/12/2024,43,5,26,36,6,3,2,27,28,41,43
14/12/2024,30,22,44,40,24,7,9,18,22,39,41
11/12/2024,28,24,8,43,19,6,18,19,29,31,39
09/12/2024,38,5,9,25,6,6,7,16,34,35,40
07/12/2024,9,21,24,30,28,9,2,14,32,35,41
04/12/2024,40,21,7,34,3,1,3,5,15,38,40
02/12/2024,48,16,22,41,4,10,2,18,21,22,43
30/11/2024,21,4,10,38,19,1,1,22,35,38,41
27/11/2024,15,7,31,35,20,6,9,23,31,33,38
25/11/2024,13,7,37,49,3,5,1,2,14,30,42
23/11/2024,37,33,36,34,20,2,20,25,27,39,46
20/11/2024,35,37,45,48,27,5,4,9,15,27,42
18/11/2024,17,12,3,8,6,9,11,18,30,31,32
16/11/2024,46,5,29,7,19,4,18,20,26,27,43
13/11/2024,9,12,32,39,13,10,7,30,37,38,48
11/11/2024,8,35,46,6,11,6,1,7,18,27,31
09/11/2024,36,12,35,23,26,8,5,23,31,33,34
06/11/2024,26,8,23,15,6,5,5,21,30,46,47
04/11/2024,17,15,16,39,35,2,14,21,30,32,45
02/11/2024,31,49,43,21,1,6,14,15,24,32,33
30/10/2024,4,44,10,29,8,1,7,21,23,29,35
28/10/2024,21,39,43,9,41,3,16,20,26,34,40
26/10/2024,9,17,30,20,11,8,3,6,8,30,35
23/10/2024,27,1,34,44,40,2,17,24,27,35,45
21/10/2024,7,34,19,15,11,7,4,5,21,28,34
19/10/2024,10,2,44,46,45,5,3,19,24,30,33
16/10/2024,1,25,48,21,35,3,7,18,35,37,42
14/10/2024,42,18,47,41,20,2,3,36,40,44,48
12/10/2024,35,33,43,6,37,6,1,8,31,32,42
09/10/2024,5,26,22,31,33,7,16,17,22,30,45
07/10/2024,49,26,5,7,1,8,9,18,22,37,49
05/10/2024,30,16,7,13,43,6,2,11,34,39,48
02/10/2024,2,10,4,49,12,9,1,3,8,36,44
30/09/2024,1,33,49,24,17,9,3,9,18,24,38
28/09/2024,47,39,4,42,45,1,4,19,39,40,48
25/09/2024,5,25,10,6,1,9,3,6,7,21,46
23/09/2024,9,40,28,27,7,6,3,9,21,25,40
21/09/2024,32,30,4,2,19,9,10,15,17,26,39
18/09/2024,2,44,42,47,23,5,1,11,21,22,27
16/09/2024,27,31,48,30,17,8,9,21,26,40,41
14/09/2024,15,32,11,49,6,4,11,21,25,35,41
11/09/2024,28,30,10,39,24,5,4,24,40,43,46
09/09/2024,18,8,41,17,3,3,3,28,33,35,43
07/09/2024,48,43,31,9,15,9,4,7,19,35,44
04/09/2024,4,2,26,22,40,8,6,11,22,42,49
02/09/2024,27,12,26,6,5,6,8,16,41,42,45
31/08/2024,43,18,28,40,14,1,3,6,9,25,37
28/08/2024,42,30,11,33,37,3,8,23,28,37,49
26/08/2024,6,28,3,12,24,2,3,25,27,32,40
24/08/2024,13,29,30,20,36,5,1,7,8,11,40
21/08/2024,3,20,15,31,19,7,1,7,10,15,38
19/08/2024,10,18,20,19,28,5,5,10,21,22,41
17/08/2024,3,4,22,48,49,1,14,22,27,47,49
14/08/2024,25,17,46,28,23,5,2,25,32,40,42
12/08/2024,16,18,45,38,31,8,17,21,27,40,41
10/08/2024,36,31,37,28,17,10,13,15,23,36,46
07/08/2024,27,47,24,39,46,9,26,27,40,41,42
05/08/2024,24,21,7,31,27,3,3,35,37,41,45
03/08/2024,47,4,2,14,34,2,16,18,22,24,39
31/07/2024,25,3,45,47,49,7,12,21,41,43,49
29/07/2024,20,22,32,34,31,7,8,10,25,29,39
27/07/2024,21,8,28,42,47,4,3,26,38,45,48
24/07/2024,40,11,18,8,47,2,13,15,19,43,45
22/07/2024,49,35,25,27,42,9,2,10,32,33,38
20/07/2024,5,30,16,47,15,7,1,3,6,31,43
17/07/2024,35,40,17,6,47,4,10,12,28,41,48
15/07/2024,4,10,30,38,24,10,11,12,29,39,46
13/07/2024,21,5,6,24,42,8,11,14,16,33,39
10/07/2024,16,3,5,39,11,9,9,12,19,40,49
08/07/2024,7,42,31,8,24,6,3,16,20,42,43
06/07/2024,46,13,47,18,34,5,16,19,25,26,28
03/07/2024,4,1,24,21,42,3,3,17,20,25,46
01/07/2024,22,7,28,6,3,7,15,27,32,40,42
29/06/2024,17,24,30,43,1,7,6,13,18,37,48
26/06/2024,21,10,38,41,25,8,18,20,23,46,49
24/06/2024,48,47,6,45,1,6,26,30,35,41,46
22/06/2024,10,34,25,38,29,3,9,11,14,24,43
19/06/2024,35,11,18,46,30,2,17,19,27,28,29
17/06/2024,28,6,11,46,25,2,6,8,31,36,42
15/06/2024,8,16,42,30,40,2,5,9,20,29,42
12/06/2024,28,3,6,33,13,4,3,29,30,32,40
10/06/2024,47,5,34,28,39,8,1,4,5,9,10
08/06/2024,35,39,18,43,31,7,1,19,35,44,47
05/06/2024,4,6,35,47,7,1,5,22,25,36,40
03/06/2024,9,15,39,49,48,7,6,11,13,15,17
01/06/2024,27,2,48,43,3,8,4,6,11,20,38
29/05/2024,10,19,28,38,37,7,9,13,26,31,40
27/05/2024,41,19,32,42,47,1,2,15,16,17,39
25/05/2024,19,26,42,18,20,1,16,19,27,37,39
22/05/2024,46,23,21,32,20,10,3,18,21,36,46
20/05/2024,12,32,36,6,29,8,3,4,21,32,35
18/05/2024,14,34,37,15,45,2,15,19,22,29,47
15/05/2024,21,16,9,20,15,1,1,18,40,41,46
13/05/2024,26,13,25,12,18,4,15,21,31,32,47
11/05/2024,6,39,24,13,43,8,4,8,9,16,36
08/05/2024,7,34,6,3,36,7,6,25,36,38,48
06/05/2024,1,4,35,39,21,5,3,6,18,41,45
04/05/2024,2,16,19,12,6,3,1,26,31,32,39
01/05/2024,17,42,25,5,15,7,22,29,34,38,47
29/04/2024,49,47,20,3,30,7,2,25,31,32,41
27/04/2024,18,34,27,14,44,6,1,6,7,26,46
24/04/2024,38,25,40,41,39,7,1,16,17,25,45
22/04/2024,48,20,39,8,47,1,2,13,16,21,49
20/04/2024,13,10,22,24,16,7,5,15,17,33,44
17/04/2024,48,6,8,17,24,10,4,13,19,24,34
15/04/2024,24,2,21,36,31,6,6,7,36,37,40
13/04/2024,45,7,29,19,38,8,5,9,25,32,47
10/04/2024,18,1,33,9,39,2,4,30,31,32,46
08/04/2024,2,22,46,21,49,9,2,9,12,44,46
06/04/2024,27,2,36,43,6,5,1,10,12,17,23
03/04/2024,26,46,5,12,36,4,2,11,28,33,45
01/04/2024,9,17,15,12,26,8,2,16,30,36,46
30/03/2024,40,41,28,8,42,2,12,21,29,31,44
27/03/2024,28,45,2,15,23,7,5,6,11,20,48
25/03/2024,37,1,22,26,31,5,5,24,31,37,39
23/03/2024,47,49,20,34,32,1,2,16,17,26,28
20/03/2024,24,46,3,22,32,5,4,12,21,37,41
18/03/2024,36,48,30,20,40,8,13,15,31,35,46
16/03/2024,12,10,37,25,49,2,5,15,18,34,45
13/03/2024,5,29,4,10,13,1,5,15,20,35,44
11/03/2024,18,48,36,16,45,10,5,7,8,16,37
09/03/2024,29,28,25,7,35,2,17,27,38,48,49
06/03/2024,12,8,43,46,49,8,3,35,37,43,47
04/03/2024,25,8,18,27,37,8,9,11,22,26,46
02/03/2024,20,13,27,26,17,4,7,11,13,32,38
28/02/2024,2,38,46,27,43,3,8,24,29,33,39
26/02/2024,7,45,30,8,20,10,7,13,16,25,31
24/02/2024,14,45,37,22,25,3,1,7,12,42,45
21/02/2024,42,22,9,33,45,3,8,18,27,30,34
19/02/2024,35,23,16,42,8,2,7,15,16,34,39
17/02/2024,2,19,13,23,36,3,1,5,19,27,46
14/02/2024,28,15,3,46,36,2,18,32,36,47,48
12/02/2024,36,40,5,30,43,1,9,11,35,45,46
10/02/2024,44,15,37,34,40,8,12,19,37,38,46
07/02/2024,24,13,23,6,34,4,12,20,23,29,46
05/02/2024,36,3,33,34,42,2,6,15,19,37,47
03/02/2024,42,4,23,15,12,1,9,11,24,30,33
31/01/2024,34,2,13,15,31,8,8,10,29,30,32
29/01/2024,27,26,8,9,15,4,5,7,24,28,49
27/01/2024,47,2,14,33,30,5,11,24,29,30,33
24/01/2024,25,9,34,31,32,5,19,23,25,46,47
22/01/2024,32,29,37,20,5,9,2,9,10,21,31
20/01/2024,19,41,42,43,45,2,11,23,24,25,32
17/01/2024,29,8,37,22,39,10,13,23,33,37,42
15/01/2024,11,7,15,23,19,4,2,3,16,24,44
13/01/2024,12,15,21,29,48,6,7,27,29,42,43
10/01/2024,12,28,32,45,38,9,9,32,43,44,46
08/01/2024,6,48,11,49,46,2,11,15,19,24,32
06/01/2024,49,19,22,40,45,2,5,20,30,33,41
03/01/2024,36,1,45,9,14,3,18,22,34,36,42
01/01/2024,4,41,16,13,6,10,1,33,34,35,47
30/12/2023,36,12,7,11,38,6,6,17,24,28,31
27/12/2023,16,41,26,28,13,8,1,26,35,39,43
25/12/2023,9,32,7,47,1,1,1,17,25,31,32
23/12/2023,39,28,26,5,29,10,9,23,30,33,37
20/12/2023,2,3,29,30,31,10,2,9,26,45,47
18/12/2023,30,3,15,41,16,9,2,17,31,35,39
16/12/2023,1,15,12,30,44,1,5,16,17,37,42
13/12/2023,4,19,22,18,7,10,5,8,26,40,48
11/12/2023,25,48,16,12,49,10,13,15,21,23,47
09/12/2023,40,34,36,28,15,10,11,13,15,20,36
06/12/2023,29,1,43,37,27,7,22,28,33,40,43
04/12/2023,41,44,38,8,10,2,8,29,37,46,48
02/12/2023,25,19,12,11,28,4,2,11,15,20,29
29/11/2023,21,30,6,31,10,1,2,6,7,28,34
27/11/2023,19,8,46,26,9,9,6,7,8,26,40
25/11/2023,1,9,19,13,11,8,7,10,41,42,43
22/11/2023,18,45,41,4,17,2,1,15,19,23,24
20/11/2023,30,15,34,46,41,2,8,28,40,41,47
18/11/2023,12,21,48,29,20,3,14,33,35,36,48
15/11/2023,22,7,16,30,2,1,16,27,36,38,47
13/11/2023,46,39,23,45,13,7,12,15,32,36,48
11/11/2023,17,22,35,25,19,6,17,27,32,36,41
08/11/2023,2,49,1,36,14,9,2,18,26,30,33
06/11/2023,18,10,40,34,31,10,2,4,40,45,46
04/11/2023,20,13,46,40,25,7,13,16,22,29,47
01/11/2023,32,46,27,1,16,1,8,14,24,32,39
30/10/2023,30,34,8,1,13,4,8,15,19,25,44
28/10/2023,31,38,22,32,34,2,20,25,29,34,46
25/10/2023,22,12,30,35,33,10,13,33,35,40,48
23/10/2023,10,3,40,26,22,4,1,6,7,40,43
21/10/2023,47,14,28,3,25,10,3,17,19,44,46
18/10/2023,22,13,46,49,3,1,6,16,28,29,33
16/10/2023,6,7,37,25,47,9,8,32,34,36,43
14/10/2023,13,14,27,4,20,1,15,20,24,35,40
11/10/2023,10,16,15,6,24,8,8,25,36,37,47
09/10/2023,9,16,32,30,23,6,5,7,19,20,25
07/10/2023,5,12,42,9,26,2,9,11,17,39,40
04/10/2023,26,21,40,27,31,1,3,16,19,22,34
02/10/2023,6,40,17,15,3,1,10,16,20,29,48
30/09/2023,33,48,25,23,41,1,1,13,16,19,25
27/09/2023,44,14,30,25,17,3,16,17,30,38,45
25/09/2023,4,13,27,46,21,4,2,9,30,34,47
23/09/2023,26,28,40,37,6,8,2,12,27,41,46
20/09/2023,48,19,37,16,29,1,18,21,28,41,45
18/09/2023,5,30,40,35,17,6,2,19,20,28,38
16/09/2023,42,43,32,40,15,4,3,8,27,48,49
13/09/2023,11,27,30,48,49,8,14,23,39,44,45
11/09/2023,31,44,40,13,28,6,3,10,16,35,42
09/09/2023,15,7,3,42,4,4,6,15,24,28,33
06/09/2023,47,30,15,33,4,10,11,24,25,26,30
04/09/2023,27,13,2,11,36,10,1,11,29,30,48
02/09/2023,10,33,47,1,7,10,2,10,11,33,47
30/08/2023,46,31,20,45,39,10,22,23,24,31,40
28/08/2023,9,35,23,37,28,7,2,8,20,36,38
26/08/2023,15,14,21,34,45,5,10,13,19,39,43
23/08/2023,46,29,25,8,34,7,3,5,7,22,40
21/08/2023,3,17,4,36,22,6,3,6,12,40,43
19/08/2023,27,8,32,11,4,10,7,33,34,44,49
16/08/2023,24,41,19,35,27,9,11,20,31,41,42
14/08/2023,44,13,3,27,49,9,16,19,21,32,37
12/08/2023,9,20,44,1,39,9,7,10,21,29,47
09/08/2023,6,31,45,14,3,9,10,14,27,33,35
07/08/2023,11,1,15,48,47,7,13,16,17,37,45
05/08/2023,40,42,2,7,10,2,9,11,16,37,42
02/08/2023,18,12,32,9,23,9,4,10,18,20,45
31/07/2023,1,47,22,33,4,1,21,27,33,40,44
29/07/2023,1,49,29,18,37,4,2,3,9,24,49
26/07/2023,17,49,18,28,11,7,1,14,26,28,49
24/07/2023,12,1,31,45,17,7,22,25,28,44,49
22/07/2023,37,33,42,36,31,3,1,5,7,25,26
19/07/2023,35,5,39,19,11,9,10,21,36,40,46
17/07/2023,47,6,20,9,41,9,25,26,28,31,45
15/07/2023,7,32,42,45,12,6,9,10,16,29,41
12/07/2023,31,18,34,27,26,8,19,20,28,30,47
10/07/2023,14,3,10,44,8,2,2,19,28,39,45
08/07/2023,6,19,48,32,10,5,17,19,33,39,41
05/07/2023,22,8,19,7,15,5,18,21,32,41,47
03/07/2023,42,23,2,8,35,7,4,11,22,27,43
01/07/2023,24,7,18,15,9,10,8,13,27,36,48
28/06/2023,49,34,36,12,42,10,6,22,28,41,48
26/06/2023,14,21,48,16,26,3,3,12,22,36,48
24/06/2023,30,40,3,21,2,4,10,34,36,47,48
21/06/2023,20,35,27,19,12,4,8,16,19,20,45
19/06/2023,39,42,38,29,49,3,3,8,18,28,34
17/06/2023,28,43,29,38,44,3,20,27,37,38,48
14/06/2023,14,9,16,12,33,2,6,10,14,23,31
12/06/2023,12,26,28,19,21,2,6,10,20,42,47
10/06/2023,28,16,11,32,49,10,14,20,27,35,43
07/06/2023,41,28,3,4,23,8,1,3,6,10,44
05/06/2023,3,46,25,10,13,5,7,11,18,31,44
03/06/2023,46,44,37,2,39,4,9,18,24,28,48
31/05/2023,43,9,40,28,13,3,5,8,20,27,28
29/05/2023,12,38,28,24,36,3,4,5,24,34,43
27/05/2023,25,24,31,34,9,9,7,34,37,43,49
24/05/2023,20,11,36,17,28,10,22,31,32,35,36
22/05/2023,43,33,42,22,37,4,3,16,22,44,46
20/05/2023,25,18,3,8,37,6,19,20,33,35,48
17/05/2023,8,2,11,47,40,7,7,14,16,38,47
15/05/2023,12,9,48,7,29,4,13,24,27,29,38
13/05/2023,43,6,25,34,9,5,6,7,26,32,44
10/05/2023,45,12,44,15,9,1,11,13,18,25,47
08/05/2023,43,47,16,39,4,5,12,22,25,28,49
06/05/2023,47,25,42,2,30,10,4,11,13,23,28
03/05/2023,17,23,13,20,45,8,16,29,32,37,44
01/05/2023,15,41,33,44,5,10,7,17,18,30,42
29/04/2023,40,48,36,22,3,5,2,4,11,19,47
26/04/2023,3,18,24,11,14,10,14,17,24,46,49
24/04/2023,41,23,25,1,49,2,9,11,22,24,29
22/04/2023,12,26,48,13,35,1,12,17,29,34,49
19/04/2023,43,41,5,46,34,5,2,12,33,34,44
17/04/2023,3,18,42,13,43,9,16,19,24,32,35
15/04/2023,32,17,15,19,29,10,9,14,16,30,42
12/04/2023,18,26,10,30,15,7,3,4,16,23,31
10/04/2023,45,24,15,10,49,2,26,33,36,39,48
08/04/2023,19,35,48,3,42,10,5,16,20,32,46
05/04/2023,31,33,16,29,39,2,6,13,23,31,34
03/04/2023,49,15,39,31,46,4,2,4,15,23,29
01/04/2023,44,48,17,12,35,8,2,13,21,30,44
29/03/2023,34,1,32,14,11,9,5,8,16,26,29
27/03/2023,1,11,23,41,34,9,3,8,13,35,36
25/03/2023,3,34,29,7,11,4,6,15,25,27,48
22/03/2023,24,38,33,12,20,2,8,10,14,19,44
20/03/2023,38,19,10,26,7,8,7,22,26,35,44
18/03/2023,7,31,8,48,32,5,6,22,28,32,46
15/03/2023,37,20,15,5,17,2,12,16,21,25,34
13/03/2023,47,45,35,42,19,2,7,30,32,34,35
11/03/2023,6,34,14,33,18,6,2,9,16,47,49
08/03/2023,10,7,46,16,35,5,4,10,16,19,37
06/03/2023,24,38,41,18,5,7,16,24,29,33,45
04/03/2023,42,40,35,25,12,6,1,12,15,19,23
01/03/2023,18,39,45,14,21,8,14,22,25,29,33
27/02/2023,5,37,14,6,2,1,4,31,33,36,37
25/02/2023,34,19,3,1,43,3,19,21,27,32,41
22/02/2023,37,35,3,24,31,4,10,19,20,23,43
20/02/2023,35,43,41,22,16,7,6,13,18,29,34
18/02/2023,12,24,1,13,5,9,24,27,28,40,42
15/02/2023,20,24,5,44,28,6,1,10,20,24,49
13/02/2023,20,8,33,27,35,2,3,4,5,13,22
11/02/2023,43,9,15,47,45,9,3,25,28,40,45
08/02/2023,44,24,16,21,34,7,29,30,36,41,45
06/02/2023,32,13,5,21,6,3,4,19,24,40,47
04/02/2023,42,26,31,13,16,2,11,13,28,36,38
01/02/2023,12,48,38,35,9,5,1,5,13,16,34
30/01/2023,35,27,8,30,34,5,14,23,28,35,42
28/01/2023,15,44,5,30,45,5,14,16,27,37,40
25/01/2023,32,26,44,18,21,10,9,13,19,33,39
23/01/2023,28,6,10,35,32,9,6,8,19,27,39
21/01/2023,41,4,45,18,24,6,13,17,22,28,49
18/01/2023,7,35,48,39,11,8,12,18,44,45,48
16/01/2023,5,31,10,19,28,4,18,19,25,42,48
14/01/2023,22,36,40,13,14,9,13,19,20,26,42
11/01/2023,8,16,17,3,47,9,6,9,11,47,48
09/01/2023,38,1,48,30,20,3,6,14,26,41,44
07/01/2023,8,43,7,21,34,6,14,17,21,37,41
04/01/2023,3,5,49,38,25,10,7,13,15,24,38
02/01/2023,49,39,45,41,1,5,7,17,22,23,38
31/12/2022,35,39,16,11,23,8,4,12,20,24,47
28/12/2022,29,1,3,35,8,8,9,13,35,39,41
26/12/2022,6,23,32,49,48,4,14,17,23,41,42
24/12/2022,12,41,47,46,6,6,24,27,30,36,37
21/12/2022,11,22,15,12,21,7,12,18,41,42,45
19/12/2022,43,35,6,31,36,4,5,10,14,26,30
17/12/2022,46,27,42,23,8,3,1,11,30,31,49
14/12/2022,15,37,4,20,6,10,17,30,31,37,41
12/12/2022,46,25,47,2,35,10,3,12,13,23,34
10/12/2022,6,43,29,13,27,2,4,16,26,33,48
07/12/2022,2,12,38,15,10,5,4,7,11,38,44
05/12/2022,36,45,9,24,17,7,1,4,6,12,42
03/12/2022,32,19,34,26,27,9,16,22,24,26,47
30/11/2022,44,18,28,49,30,5,24,37,44,46,48
28/11/2022,24,46,9,2,13,6,6,21,30,35,47
26/11/2022,5,7,28,23,2,5,1,26,39,43,49
23/11/2022,46,36,45,15,19,4,1,3,26,31,35
21/11/2022,45,33,47,15,23,7,9,18,35,39,41
19/11/2022,40,24,19,1,28,8,17,23,28,38,44
16/11/2022,1,8,48,38,3,1,19,30,32,41,45
14/11/2022,28,23,34,44,14,5,20,28,38,41,47
12/11/2022,14,44,34,25,4,7,1,20,24,33,46
09/11/2022,15,2,1,41,30,9,2,3,7,19,45
07/11/2022,24,8,9,40,31,7,25,26,41,43,49
05/11/2022,40,6,38,23,32,10,9,13,14,29,35
02/11/2022,45,7,38,4,26,2,11,12,23,24,47
31/10/2022,34,25,45,44,4,7,1,3,17,18,19
29/10/2022,33,28,48,44,26,4,5,8,13,15,43
26/10/2022,45,30,4,2,23,5,2,10,29,30,31
24/10/2022,43,28,33,37,29,1,1,8,17,24,42
22/10/2022,12,2,25,35,7,10,19,20,26,34,43
19/10/2022,35,16,38,46,25,8,5,9,21,33,36
17/10/2022,38,49,20,16,40,2,29,35,40,45,49
15/10/2022,31,16,27,24,46,1,23,33,34,40,49
12/10/2022,17,44,7,40,39,3,6,7,24,35,46
10/10/2022,19,40,32,13,46,7,23,24,26,44,49
08/10/2022,17,20,48,16,34,7,11,17,24,30,37
05/10/2022,32,23,39,35,14,7,9,20,24,41,42
03/10/2022,20,40,31,7,23,1,6,25,33,41,48
01/10/2022,8,7,35,36,26,2,20,27,39,45,46
28/09/2022,12,39,26,14,29,10,10,11,26,42,46
26/09/2022,29,49,35,18,39,1,1,7,43,47,48
24/09/2022,25,6,32,7,4,10,5,14,15,38,43
21/09/2022,3,12,22,9,37,10,5,16,37,39,48
19/09/2022,5,7,44,15,33,1,8,17,22,36,38
17/09/2022,12,17,1,20,3,3,14,18,19,39,48
14/09/2022,40,10,38,26,45,1,2,12,18,25,36
12/09/2022,4,49,20,7,21,10,1,2,14,23,25
10/09/2022,25,3,8,49,24,5,3,4,23,32,41
07/09/2022,20,35,30,3,29,9,1,21,24,25,34
05/09/2022,5,1,35,27,40,4,2,8,18,31,44
03/09/2022,35,24,44,38,32,6,5,6,24,33,44
31/08/2022,9,39,10,15,45,7,8,12,16,24,33
29/08/2022,5,10,28,34,22,4,6,7,12,35,36
27/08/2022,32,39,22,11,34,3,11,15,32,37,49
24/08/2022,39,42,36,27,22,10,1,4,10,26,33
22/08/2022,39,46,2,9,44,9,1,4,10,21,25
20/08/2022,21,38,17,1,46,2,3,20,28,44,46
17/08/2022,16,5,14,29,17,3,13,31,34,42,43
15/08/2022,34,4,48,42,22,3,18,19,25,43,47
13/08/2022,17,38,37,11,39,2,28,34,36,38,41
10/08/2022,15,35,11,28,9,2,11,16,32,40,41
08/08/2022,41,22,3,37,40,2,8,10,16,26,35
06/08/2022,37,28,23,38,6,1,2,21,29,38,44
03/08/2022,45,10,5,40,32,5,10,14,23,28,31
01/08/2022,38,1,4,23,30,6,15,24,36,45,47
30/07/2022,14,21,24,2,38,6,5,12,17,22,23
27/07/2022,13,43,31,47,46,10,21,25,28,33,41
25/07/2022,26,42,13,7,24,2,4,5,19,43,48
23/07/2022,15,47,39,25,41,9,3,23,37,43,44
20/07/2022,29,21,31,47,17,4,24,34,35,46,47
18/07/2022,18,29,49,37,5,8,22,29,30,42,45
16/07/2022,3,33,4,49,14,3,9,13,19,45,48
13/07/2022,30,48,7,31,46,3,4,9,21,31,33
11/07/2022,10,5,49,47,1,1,10,12,22,25,36
09/07/2022,37,24,34,9,8,2,4,5,8,33,38
06/07/2022,43,16,10,25,44,4,7,12,15,23,38
04/07/2022,18,20,4,12,26,8,3,13,32,37,44
02/07/2022,32,20,22,46,34,9,6,14,38,41,42
29/06/2022,16,47,43,24,26,9,3,10,25,37,44
27/06/2022,34,31,36,24,37,1,8,13,14,30,46
25/06/2022,2,47,40,31,49,9,2,4,19,31,45
22/06/2022,17,40,10,27,23,2,11,18,22,35,43
20/06/2022,27,47,23,48,14,3,16,23,37,41,45
18/06/2022,31,1,12,32,28,9,9,26,30,31,38
15/06/2022,11,37,44,13,21,6,1,23,30,32,47
13/06/2022,44,45,46,43,31,10,7,22,31,37,44
11/06/2022,7,28,4,11,10,8,6,12,24,26,36
08/06/2022,38,33,39,27,26,5,17,30,46,47,49
06/06/2022,20,5,22,23,18,5,1,4,16,18,49
04/06/2022,9,23,17,42,6,5,13,37,42,43,44
01/06/2022,33,4,35,22,2,7,3,5,6,14,24
30/05/2022,22,12,38,13,14,2,9,19,29,31,38
28/05/2022,20,27,21,26,7,7,1,8,11,36,44
25/05/2022,37,30,24,27,45,10,8,9,24,31,39
23/05/2022,30,26,48,41,47,6,5,13,18,43,49
21/05/2022,1,12,41,7,21,4,13,29,32,44,45
18/05/2022,14,23,22,45,36,7,3,6,19,27,45
16/05/2022,21,33,4,14,32,1,4,13,24,27,29
14/05/2022,4,44,29,32,24,4,30,33,46,48,49
11/05/2022,23,45,7,2,46,10,7,23,27,32,39
09/05/2022,6,33,7,9,15,2,20,25,29,42,48
07/05/2022,23,37,38,7,15,3,12,18,19,24,42
04/05/2022,37,30,17,12,41,2,10,13,30,31,40
02/05/2022,46,20,13,47,8,7,2,3,13,23,49
30/04/2022,6,27,5,21,47,9,8,13,20,31,35
27/04/2022,8,13,1,43,31,10,13,18,27,30,40
25/04/2022,31,36,42,23,8,7,2,22,43,45,47
23/04/2022,44,20,11,9,42,4,3,35,39,43,44
20/04/2022,45,46,4,13,33,7,14,19,39,43,44
18/04/2022,10,39,33,9,47,5,5,24,27,30,45
16/04/2022,4,41,30,27,21,6,1,19,20,44,45
13/04/2022,36,29,44,46,35,8,2,9,11,12,24
11/04/2022,32,3,22,18,17,10,8,13,15,29,41
09/04/2022,3,15,13,29,40,10,10,18,24,28,38
06/04/2022,6,20,48,12,38,7,15,24,36,41,49
04/04/2022,23,22,33,36,10,6,3,18,27,39,44
02/04/2022,15,6,11,28,24,10,1,2,19,25,26
30/03/2022,12,34,16,26,10,7,4,5,17,30,37
28/03/2022,16,48,21,5,26,10,3,8,24,33,38
26/03/2022,40,10,37,34,12,5,20,25,33,42,45
23/03/2022,20,2,29,39,18,10,21,22,27,29,32
21/03/2022,10,26,46,35,5,9,14,30,36,39,40
19/03/2022,44,38,33,49,41,7,2,8,19,21,30
16/03/2022,1,49,12,39,24,3,7,24,33,34,36
14/03/2022,11,5,32,49,9,6,21,22,27,28,29
12/03/2022,16,47,33,21,5,5,5,14,16,22,23
09/03/2022,32,8,21,41,25,4,7,12,20,22,37
07/03/2022,8,27,29,15,41,4,7,16,27,30,43
05/03/2022,37,26,36,14,1,3,13,25,30,33,49
02/03/2022,46,4,3,43,22,6,3,25,30,35,47
28/02/2022,43,9,21,36,27,2,3,4,12,32,36
26/02/2022,29,39,28,22,30,3,27,29,32,42,46
23/02/2022,33,15,6,12,14,8,5,26,29,30,34
21/02/2022,2,6,10,32,17,5,4,7,15,18,42
19/02/2022,32,24,49,39,40,1,7,17,20,36,44
16/02/2022,22,24,41,21,32,2,10,17,19,46,48
14/02/2022,26,13,29,15,20,5,3,15,45,47,48
12/02/2022,45,22,28,40,37,10,17,22,41,46,49
09/02/2022,44,48,31,46,21,1,8,16,19,22,32
07/02/2022,37,15,18,31,46,3,4,28,35,36,37
05/02/2022,48,31,24,11,38,9,12,19,39,42,48
02/02/2022,11,37,49,28,40,4,5,15,26,29,44
31/01/2022,25,32,31,36,10,8,5,32,35,40,44
29/01/2022,42,29,25,46,8,9,2,13,14,20,41
26/01/2022,14,16,33,38,45,10,1,6,25,28,45
24/01/2022,15,38,7,4,40,2,13,14,24,31,42
22/01/2022,26,3,39,17,30,8,6,7,11,23,37
19/01/2022,44,27,41,8,43,6,11,14,23,32,44
17/01/2022,4,27,5,15,22,9,8,16,29,33,40
15/01/2022,19,10,30,13,47,8,2,8,16,22,44
12/01/2022,23,20,1,26,44,4,5,16,21,26,43
10/01/2022,14,43,34,41,35,9,20,21,28,31,33
08/01/2022,22,42,43,17,25,10,3,18,37,43,45
05/01/2022,17,45,30,32,6,4,7,11,29,41,43
03/01/2022,33,36,34,38,22,5,7,11,34,39,42
01/01/2022,30,36,14,6,39,5,15,19,30,38,43
29/12/2021,21,18,33,49,48,7,7,9,13,31,42
27/12/2021,32,20,6,12,14,8,4,20,25,27,37
25/12/2021,6,25,48,21,37,10,1,8,24,31,32
22/12/2021,41,20,46,11,24,1,22,33,35,36,43
20/12/2021,22,23,12,47,25,1,13,20,30,41,45
18/12/2021,10,46,2,31,38,8,4,6,30,32,45
15/12/2021,34,47,11,37,38,8,15,27,30,31,46
13/12/2021,23,38,36,18,19,1,6,12,15,23,35
11/12/2021,16,45,34,42,26,9,2,14,25,26,41
08/12/2021,28,26,1,30,16,4,8,15,17,27,36
06/12/2021,29,16,36,7,15,6,3,20,24,29,49
04/12/2021,23,18,34,5,44,5,1,7,14,33,39
01/12/2021,26,18,3,49,46,6,3,15,17,41,49
29/11/2021,30,26,35,44,31,4,21,32,33,39,48
27/11/2021,25,28,46,12,27,4,3,22,30,34,37
24/11/2021,14,34,39,24,47,8,11,14,42,43,46
22/11/2021,19,12,8,41,16,5,15,20,30,31,42
20/11/2021,44,9,18,17,42,8,10,35,38,39,41
17/11/2021,37,40,36,4,43,6,9,19,32,36,38
15/11/2021,34,7,8,41,42,8,1,10,19,21,23
13/11/2021,39,13,12,31,26,6,4,5,13,33,38
10/11/2021,31,12,9,40,41,2,12,19,25,40,42
08/11/2021,44,32,11,48,7,3,11,13,26,30,43
06/11/2021,19,2,18,22,4,3,3,23,24,39,40
03/11/2021,7,39,31,38,42,10,9,24,27,28,49
01/11/2021,47,27,26,43,1,6,17,33,34,45,48
30/10/2021,46,11,43,12,30,9,1,16,23,41,46
27/10/2021,41,16,44,27,15,9,19,25,39,44,47
25/10/2021,31,48,43,37,3,10,8,10,13,33,45
23/10/2021,6,36,35,10,48,9,16,27,33,41,47
20/10/2021,26,35,16,22,42,4,3,13,23,24,47
18/10/2021,41,27,36,35,9,6,5,6,11,20,29
16/10/2021,23,15,46,5,37,10,9,12,24,27,43
13/10/2021,21,20,19,43,49,10,14,29,35,40,41
11/10/2021,26,7,1,9,28,3,3,13,39,42,44
09/10/2021,22,29,19,15,34,3,9,12,14,28,41
06/10/2021,44,34,20,8,41,2,1,12,13,44,48
04/10/2021,44,15,5,19,7,1,7,23,26,34,42
02/10/2021,6,46,35,20,8,9,22,34,35,36,43
29/09/2021,6,39,28,13,33,10,11,22,24,25,38
27/09/2021,12,26,31,40,37,3,17,23,27,46,49
25/09/2021,20,35,49,18,16,1,3,11,13,21,41
22/09/2021,5,40,13,14,9,1,15,16,32,44,48
20/09/2021,12,10,45,15,31,5,18,25,28,40,43
18/09/2021,39,38,21,2,9,2,15,17,40,45,48
15/09/2021,48,22,4,30,27,7,5,11,22,28,33
13/09/2021,4,30,24,21,40,4,7,21,28,36,44
11/09/2021,5,3,49,33,15,8,15,25,27,40,49
08/09/2021,7,34,27,12,15,4,1,4,9,12,42
06/09/2021,3,31,36,13,40,9,12,19,20,39,44
04/09/2021,41,49,30,45,35,3,9,22,25,46,48
01/09/2021,49,27,32,24,17,7,17,18,23,25,34
30/08/2021,32,34,18,44,3,9,10,12,15,33,39
28/08/2021,48,43,46,11,8,9,3,28,32,38,43
25/08/2021,19,9,29,26,3,8,24,29,33,45,49
23/08/2021,13,22,31,11,21,6,1,11,13,20,21
21/08/2021,46,8,2,19,29,2,4,9,20,23,38
18/08/2021,4,7,12,24,25,2,10,34,37,42,49
16/08/2021,22,27,13,10,49,4,7,9,11,32,44
14/08/2021,4,28,42,49,35,7,7,11,22,30,39
11/08/2021,43,13,21,5,6,4,2,4,23,34,39
09/08/2021,37,43,45,28,38,3,3,4,14,21,36
07/08/2021,7,24,36,6,47,10,13,15,20,26,30
04/08/2021,21,36,22,20,44,10,7,13,21,42,47
02/08/2021,24,44,46,42,7,2,14,16,26,27,32
31/07/2021,22,6,46,7,17,3,2,30,31,41,42
28/07/2021,1,28,3,29,8,6,16,17,18,45,48
26/07/2021,42,5,34,21,37,10,5,24,39,44,45
24/07/2021,24,40,5,31,22,9,10,13,25,37,49
21/07/2021,27,25,6,37,32,9,3,30,44,48,49
19/07/2021,3,28,15,4,2,5,9,15,21,23,25
17/07/2021,31,8,47,11,17,6,6,12,22,32,48
14/07/2021,36,18,38,31,29,10,3,10,20,36,37
12/07/2021,38,31,8,37,30,1,1,2,7,8,17
10/07/2021,43,3,38,42,46,1,1,23,30,34,49
07/07/2021,37,18,8,44,46,2,5,18,39,40,44
05/07/2021,43,36,3,32,45,2,1,6,28,34,46
03/07/2021,33,48,13,2,19,2,8,10,21,25,43
30/06/2021,8,44,6,48,31,9,5,9,17,38,49
28/06/2021,4,28,48,8,15,1,8,9,29,39,44
26/06/2021,37,24,38,13,45,6,9,25,36,37,49
23/06/2021,1,16,6,3,40,1,4,26,28,44,45
21/06/2021,44,21,25,18,47,10,1,7,8,31,47
19/06/2021,3,44,46,27,14,6,3,11,19,28,48
16/06/2021,22,23,35,46,3,9,1,11,27,32,49
14/06/2021,40,12,47,21,19,7,14,27,30,31,43
12/06/2021,9,2,5,29,10,1,5,12,23,34,44
09/06/2021,16,33,41,2,24,8,10,16,24,30,46
07/06/2021,6,28,34,7,11,8,7,15,18,23,30
05/06/2021,45,16,6,37,25,9,4,25,31,36,44
02/06/2021,33,34,25,3,26,6,6,9,22,39,48
31/05/2021,25,3,13,32,47,9,12,27,31,35,37
29/05/2021,32,4,36,44,9,3,7,22,30,32,42
26/05/2021,20,1,22,5,42,6,12,35,36,45,47
24/05/2021,11,44,47,29,7,9,12,23,35,37,42
22/05/2021,9,2,45,19,7,10,10,32,34,37,44
19/05/2021,28,17,41,3,23,3,4,38,45,46,48
17/05/2021,23,42,3,17,47,4,9,11,17,21,29
15/05/2021,7,31,29,24,47,3,3,8,12,20,28
12/05/2021,19,11,22,36,9,1,1,12,22,31,36
10/05/2021,44,12,13,17,27,10,11,34,36,39,47
08/05/2021,41,35,40,6,24,6,2,8,31,33,46
05/05/2021,36,48,46,41,8,6,2,4,39,45,47
03/05/2021,44,8,11,48,37,6,10,13,14,23,47
01/05/2021,27,25,5,34,38,7,3,9,12,19,45
28/04/2021,4,15,10,49,12,6,1,4,5,9,35
26/04/2021,2,34,41,32,8,6,1,13,33,35,37
24/04/2021,41,12,26,42,36,7,4,21,33,34,48
21/04/2021,45,31,6,49,39,4,3,11,17,27,49
19/04/2021,49,17,36,44,27,1,4,11,25,33,35
17/04/2021,38,37,17,34,30,1,20,28,29,36,46
14/04/2021,27,25,20,23,47,6,11,16,18,23,40
12/04/2021,43,14,26,7,11,7,8,14,16,17,32
10/04/2021,9,35,15,8,4,8,31,34,38,41,44
07/04/2021,35,19,9,16,43,4,25,37,38,41,46
05/04/2021,32,22,2,12,15,8,1,3,7,33,40
03/04/2021,17,1,38,2,45,2,13,16,19,35,48
31/03/2021,2,27,24,35,22,5,3,18,20,29,39
29/03/2021,41,28,18,13,38,1,2,23,24,35,38
27/03/2021,16,11,18,8,10,5,7,29,36,38,43
24/03/2021,22,38,28,37,9,10,1,4,43,45,47
22/03/2021,15,6,34,39,24,4,7,21,29,30,36
20/03/2021,42,18,14,4,27,3,19,28,32,40,42
17/03/2021,45,18,46,3,30,3,1,18,28,29,41
15/03/2021,29,38,33,15,41,2,3,9,12,30,33
13/03/2021,47,22,19,4,10,8,3,5,9,43,44
10/03/2021,26,42,33,20,34,9,5,8,14,16,49
08/03/2021,24,8,38,19,40,10,4,6,8,13,16
06/03/2021,11,22,3,13,30,8,6,13,18,24,29
03/03/2021,38,8,41,49,19,7,4,5,6,15,35
01/03/2021,4,14,21,47,8,9,13,16,27,28,36
27/02/2021,4,29,42,43,11,10,12,23,32,36,48
24/02/2021,47,18,41,10,19,2,7,18,39,43,45
22/02/2021,3,37,26,15,24,7,6,11,18,19,30
20/02/2021,21,36,19,39,49,5,4,6,31,35,49
17/02/2021,34,31,35,41,29,8,11,27,28,29,48
15/02/2021,13,22,17,6,12,7,10,24,36,39,41
13/02/2021,13,17,31,28,9,10,18,34,37,44,49
10/02/2021,44,13,29,15,33,4,4,5,20,25,40
08/02/2021,19,10,9,29,5,8,7,8,18,37,49
06/02/2021,44,42,15,9,47,10,8,9,15,29,38
03/02/2021,17,31,26,37,21,10,10,26,32,36,41
01/02/2021,1,18,45,17,21,9,7,17,19,24,27
30/01/2021,17,5,33,9,37,4,6,21,28,31,47
27/01/2021,27,44,25,23,6,6,2,9,12,25,46
25/01/2021,13,31,49,7,3,5,3,13,17,21,23
23/01/2021,1,19,13,24,48,5,21,27,38,39,43
20/01/2021,21,11,22,40,32,9,5,16,35,42,49
18/01/2021,5,43,10,48,25,10,5,14,30,46,47
16/01/2021,44,20,14,22,36,2,8,12,29,36,39
13/01/2021,32,42,30,17,41,5,5,6,11,28,49
11/01/2021,33,46,8,17,1,5,1,9,14,26,37
09/01/2021,49,12,27,11,7,1,7,22,32,38,40
06/01/2021,41,21,32,47,11,9,10,23,25,34,44
04/01/2021,31,39,30,49,19,8,6,16,25,37,46
02/01/2021,5,27,7,24,41,10,10,11,31,32,39
30/12/2020,36,20,13,31,38,1,5,16,27,32,41
28/12/2020,41,34,42,22,1,5,1,7,44,45,49
26/12/2020,31,3,40,35,2,7,8,18,35,40,46
23/12/2020,5,3,39,31,38,9,8,11,22,31,38
21/12/2020,10,31,36,37,44,5,13,14,19,28,43
19/12/2020,30,29,49,23,10,5,4,25,27,41,45
16/12/2020,21,6,41,17,16,9,8,13,15,40,46
14/12/2020,47,48,13,34,2,6,6,7,9,23,41
12/12/2020,14,31,9,45,23,6,1,17,20,41,46
09/12/2020,47,17,48,39,24,7,2,26,28,31,43
07/12/2020,45,27,48,4,38,4,6,13,20,38,47
05/12/2020,34,20,14,35,9,1,4,6,13,20,22
02/12/2020,23,14,40,46,27,1,1,3,14,30,47
30/11/2020,28,9,26,29,18,3,10,15,17,41,47
28/11/2020,9,25,2,47,35,10,9,14,33,41,48
25/11/2020,1,26,14,31,10,4,1,3,13,22,33
23/11/2020,15,20,12,6,1,1,4,17,19,29,38
21/11/2020,49,17,44,5,46,4,3,9,18,25,48
18/11/2020,28,11,14,43,41,8,4,5,12,16,37
16/11/2020,7,47,16,33,42,7,2,8,18,46,49
14/11/2020,40,26,17,24,43,9,9,11,38,43,47
11/11/2020,15,17,10,37,16,9,14,16,18,39,41
09/11/2020,26,18,41,38,5,10,3,27,36,43,46
07/11/2020,45,5,48,42,30,9,11,16,20,24,33
04/11/2020,29,10,16,14,9,1,5,6,9,21,24
02/11/2020,42,43,38,33,31,3,4,18,34,35,48
31/10/2020,22,35,9,28,13,5,20,31,35,40,49
28/10/2020,25,43,30,2,19,9,3,21,29,36,49
26/10/2020,33,7,8,12,22,5,5,7,8,11,33
24/10/2020,8,25,4,12,45,2,4,6,10,19,47
21/10/2020,35,48,33,21,15,1,6,10,19,32,35
19/10/2020,7,35,48,28,25,1,35,36,37,40,49
17/10/2020,28,23,24,9,20,4,10,18,24,29,30
14/10/2020,19,42,32,26,39,6,6,16,19,20,34
12/10/2020,18,7,21,42,11,3,2,4,7,23,36
10/10/2020,48,26,31,47,42,8,23,34,39,47,48
07/10/2020,17,30,6,49,19,2,5,28,35,41,47
05/10/2020,6,22,19,5,9,5,1,9,14,16,37
03/10/2020,31,36,9,33,18,2,16,18,27,32,39
30/09/2020,26,24,49,32,2,5,16,19,24,43,44
28/09/2020,33,22,44,6,35,2,20,27,40,42,48
26/09/2020,4,31,49,8,39,9,11,14,15,32,38
23/09/2020,11,5,25,23,33,5,22,23,28,33,37
21/09/2020,46,41,38,19,16,9,17,19,24,26,35
19/09/2020,33,42,27,46,32,7,6,8,9,22,27
16/09/2020,28,19,49,23,17,7,8,10,19,29,46
14/09/2020,23,49,5,13,32,2,10,31,42,45,48
12/09/2020,16,46,12,21,24,2,12,19,21,35,43
09/09/2020,24,48,20,29,45,3,2,15,28,39,40
07/09/2020,37,35,31,44,14,7,6,8,41,46,47
05/09/2020,22,15,19,24,46,3,4,9,10,18,26
02/09/2020,14,23,21,47,3,3,24,26,31,32,47
31/08/2020,7,16,17,4,11,10,5,13,14,45,48
29/08/2020,23,15,38,21,39,4,4,19,27,31,43
26/08/2020,13,45,4,40,31,3,17,33,36,43,49
24/08/2020,28,18,22,37,19,2,17,21,30,32,36
22/08/2020,7,11,5,32,33,5,4,5,29,35,42
19/08/2020,35,11,13,4,34,1,3,32,33,39,49
17/08/2020,6,1,39,48,40,6,8,11,15,38,45
15/08/2020,5,41,3,42,15,7,7,16,38,41,42
12/08/2020,17,47,30,3,44,3,15,25,28,42,44
10/08/2020,28,38,2,1,11,6,8,20,34,44,46
08/08/2020,35,42,49,4,6,9,5,9,18,26,32
05/08/2020,46,32,22,15,17,8,9,16,28,39,43
03/08/2020,43,48,42,23,30,7,11,26,29,30,44
01/08/2020,17,18,25,38,9,9,10,26,31,41,44
29/07/2020,47,46,7,19,39,5,9,36,42,43,49
27/07/2020,19,24,45,15,25,3,17,22,23,32,45
25/07/2020,18,10,6,15,48,4,11,29,32,40,43
22/07/2020,4,28,38,20,18,1,28,29,30,35,47
20/07/2020,8,42,22,28,26,2,1,11,37,39,48
18/07/2020,11,42,22,34,43,4,12,23,26,28,39
15/07/2020,6,12,4,35,44,3,12,16,17,29,31
13/07/2020,24,3,35,46,2,8,1,9,12,15,22
11/07/2020,32,6,35,28,40,7,4,17,24,34,43
08/07/2020,30,48,37,9,26,8,3,5,14,20,44
06/07/2020,2,11,42,30,35,6,1,2,5,19,39
04/07/2020,23,13,27,44,36,6,6,8,22,27,33
01/07/2020,44,47,5,13,14,8,18,21,34,37,48
29/06/2020,21,29,20,47,46,7,14,18,19,29,41
27/06/2020,1,39,2,6,27,4,12,16,20,34,49
24/06/2020,36,8,31,34,17,7,5,9,24,30,31
22/06/2020,9,36,5,21,39,5,15,34,36,44,46
20/06/2020,8,24,33,38,14,5,14,15,20,36,48
17/06/2020,26,13,10,20,46,1,1,19,23,28,39
15/06/2020,22,49,26,2,47,2,19,24,25,33,41
13/06/2020,25,32,6,5,28,4,5,10,16,43,45
10/06/2020,47,36,20,11,9,2,15,25,31,35,49
08/06/2020,8,22,26,46,2,1,1,2,13,33,38
06/06/2020,14,7,43,44,29,5,19,22,23,40,41
03/06/2020,12,13,26,44,16,6,15,19,40,44,47
01/06/2020,24,26,2,36,32,7,4,8,21,40,41
30/05/2020,5,14,42,44,16,9,3,5,33,36,45
27/05/2020,29,6,12,44,31,6,3,12,22,37,49
25/05/2020,9,26,30,42,36,4,7,24,36,43,47
23/05/2020,22,28,3,23,29,2,5,7,26,32,46
20/05/2020,45,14,39,20,47,8,24,25,35,39,43
18/05/2020,20,30,35,14,10,9,27,32,36,37,44
16/05/2020,26,27,41,46,19,4,9,26,31,37,47
13/05/2020,43,4,17,38,49,8,11,19,21,24,48
11/05/2020,34,5,33,3,17,10,13,17,20,27,33
09/05/2020,48,39,29,47,35,7,2,11,30,35,46
06/05/2020,48,36,14,15,10,3,1,20,40,45,49
04/05/2020,39,8,9,33,15,10,7,16,24,36,47
02/05/2020,43,22,12,30,9,4,7,11,18,21,42
29/04/2020,25,29,47,5,7,1,5,7,32,34,42
27/04/2020,41,11,19,29,14,9,1,7,16,20,39
25/04/2020,49,6,24,13,10,3,3,9,26,34,43
22/04/2020,28,30,43,40,41,7,27,29,32,33,49
20/04/2020,37,5,9,7,41,6,19,26,29,30,45
18/04/2020,45,1,33,47,27,8,11,14,33,36,41
15/04/2020,16,1,31,48,3,6,3,7,18,48,49
13/04/2020,42,1,19,23,17,9,13,14,18,43,44
11/04/2020,8,43,1,48,41,7,12,15,20,24,49
08/04/2020,16,9,19,26,6,9,24,27,42,43,49
06/04/2020,23,29,18,35,7,4,3,12,17,18,19
04/04/2020,40,2,35,39,42,9,13,23,24,38,48
01/04/2020,41,48,42,28,3,6,1,16,19,36,44
30/03/2020,21,37,12,17,23,7,4,10,14,38,39
28/03/2020,35,23,26,32,22,5,5,22,35,38,39
25/03/2020,40,45,24,32,34,1,16,28,35,38,43
23/03/2020,28,49,5,48,21,2,2,5,12,19,29
21/03/2020,16,37,8,7,42,8,3,5,35,36,40
18/03/2020,48,10,46,28,29,9,4,14,25,34,40
16/03/2020,44,16,4,40,23,3,6,12,28,45,48
14/03/2020,28,41,38,31,43,10,1,28,32,34,36
11/03/2020,38,45,5,14,46,1,3,10,23,39,47
09/03/2020,26,41,5,33,42,7,5,19,39,44,48
07/03/2020,5,35,37,4,24,2,11,14,29,30,39
04/03/2020,10,17,33,30,49,4,1,4,6,17,29
02/03/2020,42,26,21,39,40,5,1,21,33,38,49
29/02/2020,37,24,19,10,5,6,10,12,26,36,41
26/02/2020,20,6,30,32,45,4,15,36,38,42,46
24/02/2020,20,15,27,9,47,7,3,11,28,31,44
22/02/2020,4,39,26,5,24,4,12,24,33,37,42
19/02/2020,40,16,21,41,46,2,19,25,30,38,40
17/02/2020,44,39,7,41,19,1,2,4,17,27,44
15/02/2020,48,4,25,5,45,7,1,4,32,43,45
12/02/2020,47,38,17,30,43,5,27,29,31,44,47
10/02/2020,15,49,37,25,38,8,6,10,11,28,36
08/02/2020,47,31,12,45,7,10,7,22,29,37,46
05/02/2020,30,21,6,11,29,4,18,22,28,43,46
03/02/2020,49,20,7,31,33,4,6,7,9,33,47
01/02/2020,36,25,22,21,16,9,13,36,40,46,48
29/01/2020,31,30,6,14,45,8,9,12,18,25,37
27/01/2020,27,12,10,7,41,1,15,22,32,37,45
25/01/2020,36,17,30,7,11,5,7,8,15,40,44
22/01/2020,25,28,42,26,12,10,9,12,35,36,43
20/01/2020,13,38,31,30,26,1,4,6,29,31,45
18/01/2020,12,1,33,13,2,9,2,4,5,28,49
15/01/2020,35,19,8,22,46,2,3,6,20,36,41
13/01/2020,16,11,25,32,14,9,3,8,15,35,44
11/01/2020,48,14,2,23,13,3,3,13,14,22,33
08/01/2020,17,44,29,16,37,8,6,15,18,24,29
06/01/2020,49,10,19,26,30,3,5,15,17,42,44
04/01/2020,22,9,43,31,34,5,13,25,26,39,40
01/01/2020,11,7,32,24,4,10,5,21,29,40,44
30/12/2019,12,38,34,32,48,6,17,22,27,42,44
28/12/2019,24,48,49,18,8,8,10,18,42,44,45
25/12/2019,36,40,45,24,15,9,12,23,27,32,44
23/12/2019,37,36,32,20,7,2,4,5,35,40,48
21/12/2019,48,23,27,19,22,2,1,12,14,22,49
18/12/2019,23,6,17,5,7,9,6,23,28,36,44
16/12/2019,38,26,39,35,10,6,1,6,31,40,49
14/12/2019,3,48,17,4,38,9,6,8,12,36,44
11/12/2019,25,33,48,1,40,8,9,15,40,48,49
09/12/2019,1,34,15,24,25,8,3,5,16,42,44
07/12/2019,40,29,44,38,10,8,2,5,8,24,48
04/12/2019,8,30,26,35,40,2,24,29,30,36,44
02/12/2019,39,28,14,11,42,9,5,12,14,40,45
30/11/2019,7,25,17,48,16,3,4,24,25,39,40
27/11/2019,44,2,15,29,18,4,5,11,25,27,32
25/11/2019,44,41,35,33,38,8,4,14,41,45,47
23/11/2019,4,27,28,9,22,4,10,33,35,40,43
20/11/2019,22,23,7,30,37,3,3,13,31,40,42
18/11/2019,31,44,6,15,12,7,20,22,36,37,40
16/11/2019,10,49,30,12,29,9,13,15,30,39,41
13/11/2019,22,13,10,35,19,1,2,25,42,44,49
11/11/2019,28,14,27,13,25,5,16,18,32,44,45
09/11/2019,26,24,6,18,29,3,4,9,13,28,49
06/11/2019,43,27,23,44,42,10,28,35,41,44,48
